bin_start,bin_end,prime_count_p,prime_count_s,ratio_s_p,gap_2_rate,gap_4_rate,gap_6_rate,gap_12_rate,gap_30_rate,gap_34_rate
0,1999999,148933,14526,0.09753379036210913,0.15493241880169456,0.23499084186961536,0.14557091027679264,0.11009840829535698,0.09579497387409804,0.3344262295081967
2000000,3999999,134213,11556,0.0861019424347865,0.13795979648010676,0.20661226550012618,0.1355824003142801,0.09688321441982727,0.08619888475836432,0.29542097488921715
4000000,5999999,129703,10952,0.08443906463227528,0.13404486251808972,0.20048395769851227,0.12442348008385744,0.09355395232120452,0.08355855855855855,0.29646017699115046
6000000,7999999,126928,10106,0.07961994201437035,0.1287609792562138,0.19731454147224073,0.12185148838730782,0.09107070707070707,0.07919675090252708,0.27233115468409586
8000000,9999999,124802,9828,0.07874873800099358,0.1337579617834395,0.19072963034642926,0.12388228636106395,0.09538977367979883,0.08227012758468984,0.27793493635077793
10000000,11999999,123481,9676,0.07836023355819924,0.1315920645997408,0.19247897080653142,0.12301401869158879,0.08316616516215312,0.07791629563668745,0.2757863935625457
12000000,13999999,122017,9358,0.07669423113172755,0.13056379821958458,0.18768387947651416,0.12457217042369881,0.08868839901268193,0.0794791198922317,0.2808664259927798
14000000,15999999,121053,9297,0.07680107060543728,0.1286153846153846,0.19003918333677047,0.11916883731944115,0.08526997840172786,0.07709547288211564,0.29298486932599727
16000000,17999999,120237,9190,0.07643237938404983,0.1302758044295863,0.17911545330391848,0.11747243426632739,0.08626310688166358,0.07678996322734155,0.2538896746817539
18000000,19999999,119240,9122,0.07650117410265012,0.12461025696161702,0.19297489494666523,0.11713244228432564,0.08614564831261101,0.06868192931762614,0.27890173410404623
20000000,21999999,118654,8991,0.07577494226911861,0.12233239922397068,0.18273287893541057,0.11654019371953853,0.08961719513278266,0.08071043165467626,0.27239884393063585
22000000,23999999,117861,8747,0.07421454085745073,0.12237383582412822,0.184,0.1204644412191582,0.08385233324307248,0.07738896366083446,0.25548478414720455
24000000,25999999,117405,8683,0.07395766790170777,0.11937356258898259,0.17933530766699574,0.11535552193645991,0.08769727403156384,0.08018762564217109,0.2677942212825934
26000000,27999999,116903,8702,0.07443778175068219,0.11816756272401434,0.18421343961031772,0.11342286110585713,0.08483151142831331,0.07642312864186464,0.273235499650594
28000000,29999999,116429,8694,0.07467211777134562,0.11971277908672726,0.17860370537731587,0.11633081177293243,0.08140171564154043,0.07754189944134078,0.2674982674982675
30000000,31999999,115956,8479,0.0731225637310704,0.12546249579549276,0.18351424694708277,0.11132787098452335,0.0834862385321101,0.07569721115537849,0.26822363765038926
32000000,33999999,115564,8486,0.0734311723374061,0.11953918101973308,0.18074208968814023,0.11322593218136937,0.08453436807095344,0.0739995528727923,0.2683274021352313
34000000,35999999,114883,8417,0.07326584438080481,0.11635944700460829,0.18045199036365722,0.11307374088909318,0.07964684014869888,0.07930411206507004,0.2624212736179146
36000000,37999999,114704,8287,0.0722468266145906,0.12079927338782924,0.1839080459770115,0.11078697871776172,0.08115402512796649,0.07859381997313032,0.25
38000000,39999999,114688,8415,0.07337297712053571,0.1210865561694291,0.1829366448200529,0.11054220821845871,0.08466107287640237,0.06882053551670723,0.2718513420509291
40000000,41999999,113966,8255,0.07243388378990225,0.12181369669916599,0.17635933806146573,0.11273262819654573,0.08286092214663643,0.07030193780982424,0.26904598490048043
42000000,43999999,113764,8183,0.0719296086635491,0.12437987243090007,0.1828371278458844,0.1127306766515111,0.08317454268292683,0.07508379888268156,0.24549699799866578
44000000,45999999,113669,8184,0.07199852202447457,0.11907840601857295,0.17388210176728738,0.11374030622390137,0.0830685853111568,0.07642312864186464,0.255469301340861
46000000,47999999,113091,8295,0.07334801177812558,0.11722828666350261,0.1728977473758698,0.11012769407472468,0.0829930680847023,0.07309486780715396,0.2615062761506276
48000000,49999999,112990,8170,0.07230728383042748,0.11619634811477353,0.17282634446813552,0.11092323300642543,0.07845555450147045,0.07857142857142857,0.24466571834992887
50000000,51999999,112709,8033,0.07127203683822943,0.11104339346660166,0.17509773723492478,0.1079499596448749,0.0759493670886076,0.0748663101604278,0.2503410641200546
52000000,53999999,112360,8052,0.0716625133499466,0.11523809523809524,0.17260900987713804,0.11246826322651479,0.07887323943661972,0.07215104517869184,0.26785714285714285
54000000,55999999,112127,7988,0.07124064676661286,0.12506024096385543,0.17680086011229243,0.10969263859016166,0.08480260636259103,0.07412339103417666,0.23793103448275862
56000000,57999999,112006,7917,0.0706837133724979,0.11227185398655139,0.1761089681774349,0.11005705643775349,0.07882595464808088,0.06783468104222821,0.25837988826815644
58000000,59999999,111779,7945,0.07107775163492248,0.11003039513677812,0.17825290164935859,0.11233735268070032,0.08226120857699805,0.07101769911504424,0.24982746721877155
60000000,61999999,111485,7798,0.06994662959142485,0.1148418491484185,0.16807649871276203,0.1092081542088476,0.08044542574637611,0.06971531046850482,0.2531824611032532
62000000,63999999,111486,7799,0.06995497192472598,0.11623616236162361,0.1702876562689647,0.10619346820410136,0.08089247100452134,0.07376494473268667,0.25418060200668896
64000000,65999999,111037,7811,0.07034592072912632,0.1171672228401928,0.17173084020174684,0.10699011428170792,0.07675885492479378,0.06870567375886524,0.2484557309540151
66000000,67999999,111219,7708,0.06930470513131749,0.11695409278600923,0.17318435754189945,0.10949057920446616,0.0785827395091053,0.07259849490925188,0.2554385964912281
68000000,69999999,110722,7738,0.0698867433753003,0.11247418923843071,0.17207043108682452,0.11157730052624093,0.08258598600571597,0.07188498402555911,0.24512534818941503
70000000,71999999,110594,7642,0.06909958948948405,0.12235323950805123,0.1737147084206633,0.10415938483047886,0.08077338306016292,0.07034390352836088,0.2362555720653789
72000000,73999999,110596,7606,0.06877283084379182,0.10988742046010769,0.1691846672493445,0.10630881840362495,0.07927856505797246,0.06934628975265017,0.25968728755948334
74000000,75999999,110357,7720,0.06995478311298785,0.11185933408155631,0.1718514801806322,0.11064189189189189,0.08030199039121483,0.07496623142728501,0.2548611111111111
76000000,77999999,109933,7601,0.06914211383297099,0.11882176734897654,0.1729229229229229,0.10832619251642388,0.076026915737672,0.0681663258350375,0.2491077801570307
78000000,79999999,109838,7640,0.0695569839217757,0.11173042817329618,0.17400471288602257,0.108610775892667,0.07770738467630173,0.07081891580161476,0.25136612021857924
80000000,81999999,110048,7506,0.06820660075603373,0.12343515272909364,0.1713570981863665,0.10699001426533523,0.07662082514734773,0.07512172501738928,0.24529616724738676
82000000,83999999,109709,7701,0.0701947880301525,0.11169944528492183,0.16482273070153383,0.10731393436762708,0.0800596718050721,0.07427055702917772,0.25137362637362637
84000000,85999999,109331,7542,0.06898317951907511,0.11781064340791303,0.17894870815833014,0.11379408015861776,0.07648298705209275,0.07451067615658363,0.2494942683749157
86000000,87999999,109362,7689,0.07030778515389258,0.11339038509942109,0.16479636867986383,0.10257883772717477,0.07845877420642842,0.06883408071748878,0.2227619708535739
88000000,89999999,109122,7344,0.06730081926650905,0.10835558946966807,0.17630021407883137,0.10736062717770035,0.07854366946205768,0.07363051674428919,0.2449406838799721
90000000,91999999,109283,7598,0.06952590979383802,0.11734951947395043,0.1720375539203248,0.11040581984166607,0.072778447929232,0.07184684684684685,0.24619640387275243
92000000,93999999,108867,7485,0.06875361679847888,0.11294027565084226,0.17145044010715652,0.11014200245080372,0.07707849277704819,0.07090464547677261,0.23674911660777384
94000000,95999999,109097,7397,0.06780204771900236,0.11800051137816416,0.17020470053070508,0.10227600115240565,0.0789821882951654,0.07669749605233477,0.23529411764705882
96000000,97999999,108795,7379,0.0678248081253734,0.10826796965410827,0.1678580546336482,0.10794954532120857,0.0783078307830783,0.06690859605352688,0.24105865522174535
98000000,99999999,108459,7368,0.06793350482670871,0.11410077420992512,0.17323544564657392,0.11002570694087403,0.07350392496686717,0.07250554323725056,0.2549152542372881
100000000,101999999,108524,7402,0.06820611109063433,0.11630321910695743,0.1680725971370143,0.10474809713664371,0.07738215658506979,0.06808326105810927,0.23799582463465555
102000000,103999999,108510,7386,0.06806745922034836,0.11518661518661519,0.17025889554903711,0.10591421460986679,0.0766522482647621,0.07506762849413887,0.23640167364016737
104000000,105999999,108278,7380,0.06815788987605977,0.11017704750987135,0.16803699897225077,0.10620639001101725,0.07384740922072623,0.07136465324384787,0.23445945945945945
106000000,107999999,108196,7312,0.0675810566009834,0.11012250161186331,0.1641924750447914,0.10939548434085943,0.07716551443676291,0.06957708049113233,0.2216783216783217
108000000,109999999,108346,7446,0.06872427223893822,0.11554866227219852,0.1695618356235416,0.10509320416850139,0.0765639589169001,0.07289143360493283,0.24982794218857537
110000000,111999999,107748,7268,0.0674536882355125,0.11044930726401657,0.16699384897264755,0.11142204875174902,0.07432571546221947,0.06839884521430158,0.24403927068723702
112000000,113999999,107796,7344,0.06812868752087275,0.11457921770051363,0.17470903622335557,0.10170362755176972,0.07764634516226873,0.07282658170232134,0.26035087719298244
114000000,115999999,107710,7221,0.06704112895738558,0.11250810110174984,0.16770589763574956,0.10737155621742368,0.07968911917098445,0.07838695061169007,0.2507082152974504
116000000,117999999,107655,7220,0.06706609075286796,0.11093606406721807,0.17077326343381388,0.11124981641944486,0.08375089477451682,0.0692940666955392,0.23337950138504154
118000000,119999999,107430,7367,0.06857488597226101,0.11380720031649742,0.16279679916043552,0.10602267707259608,0.08218753230641994,0.07272315360217489,0.2515767344078486
120000000,121999999,107388,7086,0.06598502625991731,0.1075765575501584,0.17184835366653547,0.10927896867036427,0.07552521008403361,0.06941383869546056,0.24511784511784512
122000000,123999999,107444,7285,0.0678027623692342,0.11561071195297191,0.1665359477124183,0.10438908659549229,0.07514988629315691,0.07561307901907358,0.2505322924059617
124000000,125999999,107334,7250,0.06754616430953846,0.11323003575685339,0.16458196181698487,0.10396222238618756,0.07407407407407407,0.07282097244006273,0.2517289073305671
126000000,127999999,107221,7174,0.0669085347086858,0.11051035210338916,0.16801566579634464,0.10926735313726943,0.07309311159018582,0.07154035323049407,0.22183828610919143
128000000,129999999,107152,7026,0.06557040465880244,0.10874395503855705,0.16471670829499147,0.11075949367088607,0.07688322453631748,0.0762119503945885,0.2349799732977303
130000000,131999999,107002,7228,0.06755013924973365,0.11221515633280339,0.17245005257623555,0.10590692124105013,0.0756578947368421,0.06854930539740378,0.26536312849162014
132000000,133999999,106745,7141,0.06689774696707106,0.11634970945589013,0.1695710455764075,0.10232663203072058,0.0726672171758877,0.06601853945286006,0.24064171122994651
134000000,135999999,106795,7266,0.06803689311297345,0.10948036493454978,0.16729021913415287,0.10559844113018062,0.07242196353147214,0.06816584680252986,0.22727272727272727
136000000,137999999,106761,7165,0.06711252236303519,0.11277102062400846,0.16990162190906674,0.10423132238286277,0.07685069008782935,0.07060185185185185,0.24255024255024255
138000000,139999999,106709,7164,0.06713585545736536,0.11707058667726129,0.16846307385229542,0.10295327102803738,0.07248474821631683,0.065977929091336,0.21956087824351297
140000000,141999999,106418,7092,0.0666428611701028,0.10675965665236052,0.16547345670674052,0.10343007915567283,0.0709751274846498,0.06980841224399911,0.24244459368703827
142000000,143999999,106787,7204,0.06746139511363743,0.10635451505016723,0.16648634027589937,0.10691636200850556,0.07172643869891576,0.07009660750393171,0.24322493224932248
144000000,145999999,106382,7060,0.0663646105544171,0.10833668948852195,0.16095340117836102,0.10426898375519456,0.07755102040816327,0.07358708189158016,0.2318941504178273
146000000,147999999,106419,7198,0.06763829767240813,0.10951742627345845,0.16736120446296546,0.10315852652111937,0.07305414112023277,0.06467549966314844,0.25226480836236936
148000000,149999999,106191,7026,0.06616379919202192,0.11087015451341826,0.16314443397496298,0.10726351351351351,0.07206733298264072,0.070183382386235,0.2450646698434309
150000000,151999999,106042,7157,0.06749212576149073,0.11455653351387948,0.1650866738894908,0.10890246732152525,0.07673138822552175,0.07206385404789054,0.2222222222222222
152000000,153999999,106139,7063,0.06654481387614354,0.11256756756756757,0.1620239537074418,0.1038951197332525,0.07653980706032015,0.06680299931833675,0.24878048780487805
154000000,155999999,106048,7091,0.06686594749547375,0.10983123493169034,0.16612333604998641,0.1025621646134079,0.07471264367816093,0.07001591270743351,0.22483940042826553
156000000,157999999,106019,7041,0.0664126241522746,0.11403626595030221,0.16612289287656334,0.10709083940206976,0.07540263543191801,0.06615488823662226,0.23513513513513515
158000000,159999999,105814,7184,0.06789271740979455,0.10670608789141245,0.16876195681880296,0.10624036979969183,0.0754539762053851,0.06721750781598929,0.23682454969979988
160000000,161999999,105771,7196,0.06803377107146572,0.11072568336339669,0.1697551738130664,0.10441613911982305,0.07535684298908481,0.0648441030275644,0.23254237288135593
162000000,163999999,106028,7046,0.06645414418832761,0.10704032809295967,0.1674929652954576,0.10524714828897339,0.07633826286190377,0.06425976385104451,0.24133242692046228
164000000,165999999,105407,6964,0.06606771846272069,0.10941545169641641,0.1650485436893204,0.1021633690045423,0.0761843790012804,0.06878781088953619,0.2453083109919571
166000000,167999999,105800,6917,0.0653780718336484,0.11075050709939148,0.16554145287604644,0.10546580099652725,0.07544208433608873,0.07004504504504505,0.23123732251521298
168000000,169999999,105619,7017,0.06643691002565827,0.11108074873616615,0.17184518942491142,0.10454580065483896,0.07461896697713802,0.07133121308496138,0.25136612021857924
170000000,171999999,105594,7139,0.06760800803075932,0.10537870472008781,0.1619178082191781,0.10330769230769231,0.07674443154227806,0.06394153916419273,0.24983027834351662
172000000,173999999,105495,6970,0.06606948196596996,0.10594386351128234,0.1698577680525164,0.10578751235835425,0.07065217391304347,0.0709855272226051,0.2315644383184011
174000000,175999999,105387,6809,0.06460948693861672,0.10543478260869565,0.16274323037147911,0.10532407407407407,0.07364422874024056,0.06703146374829001,0.24432576769025366
176000000,177999999,105476,6961,0.06599605597481892,0.10700203942895989,0.1588569880823402,0.10483073411943705,0.07224172784338759,0.06777727065267002,0.253628196268141
178000000,179999999,105350,7099,0.06738490745135263,0.11176470588235295,0.1695240707721849,0.10277136258660508,0.07658666666666666,0.06888041283374467,0.22804532577903683
180000000,181999999,104896,6941,0.06617030201342282,0.10906319290465633,0.15992397502036385,0.10629067245119306,0.07458061758734907,0.07293536804308798,0.2349570200573066
182000000,183999999,104964,6891,0.06565108037041271,0.11463992199470678,0.16673444489629932,0.10324045084533501,0.07281811417029871,0.06672760511882998,0.23297491039426524
184000000,185999999,105315,6905,0.06556520913450126,0.10610624315443593,0.16655290102389078,0.10099914801332198,0.07667020148462354,0.07114897536265255,0.24172185430463577
186000000,187999999,104997,6972,0.06640189719706277,0.11209677419354838,0.16513505987190197,0.10675347086045964,0.07685747788082294,0.0732768490954889,0.23351648351648352
188000000,189999999,104916,6844,0.06523313889206603,0.10971223021582734,0.16502463054187191,0.1032173645320197,0.07696442007954424,0.07414272474513438,0.2398286937901499
190000000,191999999,104554,6866,0.06566941484782983,0.11319705187039354,0.16827055265328567,0.10140889914829261,0.07581420181526963,0.07437827971708875,0.21643835616438356
192000000,193999999,104999,6837,0.06511490585624626,0.10923098087769982,0.16992026395380808,0.10293200249532128,0.07013429972287359,0.06216337522441652,0.26230661040787623
194000000,195999999,104872,6801,0.06485048440003051,0.11286557737196211,0.16812705366922234,0.10342679127725857,0.07518474884866659,0.06084596245193395,0.2420554428668019
196000000,197999999,104380,6906,0.06616210001916076,0.1088929219600726,0.15966850828729282,0.1024895939684285,0.07229686500319897,0.06741316270566727,0.22828947368421051
198000000,199999999,104659,6901,0.0659379508690127,0.11331444759206799,0.17023924768358456,0.10507218405002702,0.07309470063420402,0.06516233018650702,0.24669909659485753
200000000,201999999,104712,6784,0.06478722591489036,0.11025926958461109,0.16112567250655263,0.10273707063658215,0.07396355110305872,0.06675508399646331,0.23980978260869565
202000000,203999999,104524,6885,0.06587003941678467,0.10581117208386098,0.16324822101297615,0.10474784365529567,0.07293441226575809,0.06389704222172048,0.23829201101928374
204000000,205999999,104477,6798,0.0650669525350077,0.1075,0.16355009768350545,0.10418810862164515,0.07181730871838651,0.07351924406545286,0.24263193968471555
206000000,207999999,104565,6866,0.06566250657485774,0.11032766486934882,0.16089725837718083,0.10233688833124216,0.07516030694838642,0.06939421338155516,0.25052779732582686
208000000,209999999,104411,6786,0.06499315206252215,0.11123378415677615,0.16657397107897665,0.10390826117481863,0.07385748321420836,0.07176391683433937,0.23950447350309703
210000000,211999999,104238,6787,0.06511061225272934,0.10600608912261279,0.162292817679558,0.10211323135152184,0.07263112454133391,0.07629491367242183,0.23071625344352617
212000000,213999999,104160,6804,0.06532258064516129,0.11379166085622647,0.16862025137692416,0.10033706984400721,0.0706725114936384,0.06408245574725521,0.22284512964260686
214000000,215999999,104369,6853,0.06566125956941238,0.10794581762323698,0.16399779127553837,0.10181365299291663,0.0740620957309185,0.0710728836577637,0.25089605734767023
216000000,217999999,104043,6954,0.0668377497765347,0.10518075718758896,0.1655499720826354,0.10787495053423031,0.07101293103448277,0.06961451247165533,0.21833449965010496
218000000,219999999,104104,6773,0.06505994005994006,0.11056058890147226,0.16109635016081666,0.09862133792887356,0.07156063077759652,0.06591639871382636,0.24830393487109906
220000000,221999999,104023,6725,0.06464916412716419,0.10588893551545671,0.16456047771142898,0.09943001899936668,0.07224994575829898,0.06849005424954792,0.2317596566523605
222000000,223999999,104202,6817,0.0654210091936815,0.10993395707209687,0.1615395226927852,0.10279409430068265,0.07226056945642796,0.06965060516099567,0.22702702702702704
224000000,225999999,103964,6794,0.06534954407294832,0.0995885941268265,0.16184081689746818,0.10649805137994114,0.07403055229142186,0.06789438650987353,0.2501737317581654
226000000,227999999,103808,6900,0.06646886559802713,0.11167945439045183,0.16389983117613957,0.10184892541087232,0.07442872687704026,0.06672739694830335,0.2491490810074881
228000000,229999999,104036,6930,0.06661155753777538,0.10517387616624257,0.16441441441441443,0.09948514851485149,0.07393038042892552,0.06473162865699147,0.23839662447257384
230000000,231999999,103972,6715,0.06458469587965991,0.10903648802736603,0.17352899273400768,0.09830087671658003,0.06862321968062149,0.07105680018103644,0.22889182058047494
232000000,233999999,103481,6817,0.06587682763019298,0.10486731942670639,0.16154929577464788,0.10227544910179641,0.07749972439642817,0.07058297967388877,0.2383345297918162
234000000,235999999,103882,6752,0.06499682331876552,0.10957950431634642,0.1581160639192599,0.10257227044676276,0.07210605733994395,0.06238698010849909,0.2395287958115183
236000000,237999999,103990,6788,0.06527550726031349,0.11167582417582418,0.16309192200557104,0.10337418430685978,0.06870145498304343,0.07083050463905861,0.22942817294281728
238000000,239999999,103646,6644,0.06410281149296644,0.10858585858585859,0.16325660699062233,0.10214365701487763,0.07213850593138826,0.07044167610419026,0.23241379310344829
240000000,241999999,103747,6742,0.06498501161479368,0.10772017837235229,0.15876317249029395,0.10235781424247252,0.06847360912981455,0.07105561861521,0.22298692360633174
242000000,243999999,103329,6752,0.0653446757444667,0.1112221587664192,0.15955342001130582,0.10144,0.0729447257838595,0.06948571428571429,0.22881969587255613
244000000,245999999,103763,6809,0.0656206933107177,0.10561383612134959,0.16036542515811666,0.097157704117786,0.07222465034965035,0.07222969941677883,0.2339986235375086
246000000,247999999,103388,6669,0.06450458467133516,0.10577196474267841,0.1620008526360665,0.10194404931247036,0.07384987893462469,0.067420814479638,0.22057787174066243
248000000,249999999,103547,6625,0.0639806078399181,0.10433409873708381,0.15685180016745745,0.10288293996515127,0.07236554438128552,0.06472491909385113,0.23796610169491525
250000000,251999999,103364,6595,0.06380364536976123,0.10847986386840612,0.16770011273957158,0.1024390243902439,0.07481133107295199,0.05923740354062642,0.2312332439678284
252000000,253999999,103401,6709,0.06488331834314949,0.11013961359469751,0.1621813031161473,0.10021664125812405,0.07379667364247164,0.06712911165808906,0.23176550783912747
254000000,255999999,103454,6568,0.063487153710828,0.11006598343394637,0.16319395888686897,0.1022090603489675,0.07405798675209034,0.07304785894206549,0.23382045929018788
256000000,257999999,103178,6863,0.0665161177770455,0.1100811123986095,0.16799420709630702,0.09911701535279611,0.07032364234777838,0.0646035690083578,0.20774647887323944
258000000,259999999,103145,6796,0.06588782781521159,0.10621501363571122,0.15803698435277383,0.10239896957011753,0.07132556849694953,0.06285199369227304,0.2374830852503383
260000000,261999999,103292,6623,0.06411919606552298,0.10547582555385258,0.1604691075514874,0.10176109650171328,0.06999344835116837,0.06456728590847303,0.22769640479360853
262000000,263999999,103067,6645,0.06447262460341331,0.11044776119402985,0.163659793814433,0.1029021625532599,0.07466724380478303,0.06663654845267676,0.24310118265440211
264000000,265999999,103373,6584,0.06369167964555542,0.10925431821373402,0.15993699885452461,0.0998231795531265,0.07131120604666448,0.0660486674391657,0.21893888515782403
266000000,267999999,102856,6506,0.06325348059422882,0.10513269174686497,0.15507100846363506,0.10294473578055667,0.07358040745557,0.07273141814865482,0.24203821656050956
268000000,269999999,102936,6764,0.0657107328825678,0.10862390586884775,0.16661899313501144,0.0998394863563403,0.0717308735756918,0.06729228656443122,0.24898236092265943
270000000,271999999,102830,6622,0.06439754935330157,0.10658665523646235,0.15869565217391304,0.09806111864677253,0.07484499557130203,0.06634637382749943,0.2291814946619217
272000000,273999999,103081,6585,0.06388180168993315,0.1117798796216681,0.1536940245797429,0.10288867250892568,0.07398542052007398,0.06431014823261118,0.23306627822286963
274000000,275999999,103072,6697,0.06497399875814965,0.11040645719227443,0.15242952259526846,0.1011379008514363,0.06900328587075576,0.0676779463243874,0.2391304347826087
276000000,277999999,102900,6676,0.06487852283770651,0.1090520313613685,0.16630576006929407,0.10319825988882624,0.06765694459503416,0.06741316270566727,0.23071808510638298
278000000,279999999,102802,6573,0.06393844477733897,0.10682366293091218,0.1619330224671471,0.10174919931017493,0.0700240332095259,0.063568010936432,0.22740315638450503
280000000,281999999,102945,6462,0.06277138277721113,0.10824961086741192,0.16790992258972554,0.10449312440038376,0.0750807619471984,0.06444026340545625,0.2277294038847957
282000000,283999999,102660,6743,0.06568283654782778,0.10272687923820517,0.15744371822803196,0.10032546786004883,0.07320837927232635,0.057427085688446754,0.21690140845070421
284000000,285999999,102538,6496,0.06335212311533285,0.10029918791850691,0.16490274599542334,0.1017897091722595,0.072337575351641,0.0639362912400455,0.219187675070028
286000000,287999999,102631,6610,0.06440549151815728,0.1066113337149399,0.1661803326524657,0.1010939870638026,0.07493938726030416,0.0664288898796255,0.22830440587449932
288000000,289999999,102820,6585,0.06404396031900408,0.10843714609286523,0.1663085517834121,0.10042214645234616,0.06947835738068812,0.0661345496009122,0.23259152907394112
290000000,291999999,102518,6402,0.06244757018279717,0.10767237656542393,0.16710069444444445,0.10258290556506151,0.0732753878314446,0.05986645176145521,0.23255813953488372
292000000,293999999,102699,6670,0.06494707835519334,0.11340352874217416,0.1598782432236556,0.10076697127937337,0.07524379432624113,0.06616300366300366,0.22937625754527163
294000000,295999999,102418,6616,0.06459801987931808,0.10428653624856156,0.16105082809822957,0.0980759823903473,0.07180675049636003,0.06173410404624277,0.23109540636042403
296000000,297999999,102645,6646,0.06474743046422135,0.10795947901591896,0.1622126436781609,0.0994912379875636,0.06951044314288872,0.06198444496818289,0.23173277661795408
298000000,299999999,102382,6596,0.06442538727510695,0.10405720957384705,0.16061130334486737,0.10202940236497283,0.07379501385041551,0.06367041198501873,0.22673198040587825
300000000,301999999,102557,6638,0.0647249822050177,0.10962489095667345,0.16628142155446402,0.09876937829630814,0.07240421987784564,0.06085753803596127,0.252027027027027
302000000,303999999,102182,6533,0.06393493961754516,0.11127251597908193,0.1638909358879882,0.09796186719263643,0.07269089696565521,0.07131643866337743,0.2252673796791444
304000000,305999999,102543,6652,0.06487034707391046,0.11020931225971807,0.15908105765062852,0.10139437414362859,0.07266091572660915,0.06623113313809416,0.23920736022646852
306000000,307999999,102362,6653,0.0649948222973369,0.10549544419134396,0.15873015873015872,0.10113090879505329,0.07342580361074416,0.07340909090909091,0.2447954055994257
308000000,309999999,102552,6435,0.06274865434121227,0.10670731707317073,0.1614771904417089,0.10162170972210904,0.0718311415626036,0.07409101303453007,0.2378917378917379
310000000,311999999,102109,6498,0.06363787717047469,0.1078615896916172,0.15523205534736234,0.10267966893386872,0.0767337807606264,0.07051574623459607,0.23278921220723917
312000000,313999999,102331,6587,0.06436954588541106,0.11163268299838638,0.1631288165164292,0.09724950884086445,0.07132604615214751,0.06511523830834638,0.23614958448753462
314000000,315999999,102172,6562,0.06422503229847708,0.11209525192391462,0.1596081820800922,0.09925109044523084,0.07089841586352055,0.06533241315850012,0.22176591375770022
316000000,317999999,102179,6487,0.06348662641051488,0.10055136390017412,0.1637905820415326,0.10118030118030118,0.07640974307640974,0.06590649942987457,0.23244717109747784
318000000,319999999,101894,6536,0.06414509195830961,0.10466439135381114,0.15998808282437063,0.09697019459725757,0.06839855310753042,0.06617477519022366,0.20916334661354583
320000000,321999999,102002,6531,0.06402815631066057,0.10554167279141555,0.16141618497109828,0.0981293075155891,0.07225592939878654,0.06853082741233096,0.22959889349930843
322000000,323999999,102225,6496,0.06354609929078014,0.10561669286837216,0.1574541780920768,0.10032786885245902,0.0701852265119393,0.060480147737765465,0.22230063514467185
324000000,325999999,101951,6509,0.06384439583721592,0.10432276657060519,0.15697503671071952,0.10030172062301232,0.06841927873272666,0.06266014442115071,0.2391304347826087
326000000,327999999,102163,6675,0.06533676575668294,0.1060406611086734,0.16005195554914128,0.10070257611241218,0.06922991443493721,0.0627833182230281,0.24754558204768584
328000000,329999999,101928,6472,0.06349580095753865,0.10115311633338199,0.1604239256678281,0.09958915365653245,0.07310849789216774,0.06507394766780432,0.22893165228931653
330000000,331999999,101713,6501,0.06391513375871324,0.10669610007358352,0.16356228172293363,0.10310965630114566,0.07156329745922556,0.06232813932172319,0.23098012337217272
332000000,333999999,101988,6583,0.06454680942856023,0.10504442533677272,0.15111695137976347,0.09579266792421881,0.06928119349005425,0.06797651309846432,0.24250499666888742
334000000,335999999,101825,6525,0.06408053032163025,0.10789049919484701,0.15988414192614048,0.10117821537447474,0.07585034013605442,0.06655918931368034,0.214960058097313
336000000,337999999,101775,6474,0.06361090641120118,0.11044732624216815,0.16257172281889068,0.09913686806411837,0.06782334384858044,0.06600136085280109,0.22804428044280442
338000000,339999999,101829,6576,0.06457885278260614,0.10724808485562758,0.16205938277022086,0.10051950193782469,0.07217420585924346,0.06233183856502242,0.24649298597194388
340000000,341999999,102022,6425,0.06297661288741643,0.11031769163509181,0.15781068524970965,0.10001627604166667,0.07614156525622419,0.06437768240343347,0.21586206896551724
342000000,343999999,101743,6470,0.06359159843920466,0.10789049919484701,0.16188821314798726,0.10092192216692503,0.07082779991146525,0.0681454379144752,0.2259684361549498
344000000,345999999,101831,6544,0.06426333827616344,0.11069255288322226,0.16439360610060127,0.10443758127438231,0.07391255730739126,0.07044917257683216,0.22291235334713597
346000000,347999999,101515,6327,0.062325764665320395,0.1065175812858614,0.1601057579318449,0.1052588060195138,0.07092118615401961,0.0681973175721755,0.23487544483985764
348000000,349999999,101810,6428,0.06313721638345939,0.10451517394522576,0.1591574019894675,0.10089045012662365,0.07120605251446373,0.06902985074626866,0.2268326417704011
350000000,351999999,101465,6399,0.06306608190016262,0.10453325380256487,0.16053811659192826,0.09842422242389241,0.07722308892355695,0.07104194857916103,0.23382749326145552
352000000,353999999,101686,6407,0.06300769034085321,0.10481125092524056,0.15510204081632653,0.09967132292522597,0.06815654881031799,0.0641025641025641,0.21922544951590595
354000000,355999999,101626,6589,0.06483577037372326,0.10444930707512765,0.1604340812435841,0.09956281448486348,0.06881865052678772,0.07240749200548195,0.22513812154696133
356000000,357999999,101524,6433,0.06336432764666483,0.11124277884757813,0.1607865818392134,0.10194295163290616,0.06972354835128233,0.07082860385925085,0.22
358000000,359999999,101461,6388,0.06296015217669844,0.10559098324188047,0.16014078310602728,0.09829024531262906,0.0713400202862617,0.06313416009019165,0.209351011863224
360000000,361999999,101279,6470,0.06388293723279258,0.10395163668534356,0.16098794822199078,0.09612044006948466,0.07266823424028664,0.06180413542376732,0.20210526315789473
362000000,363999999,101582,6477,0.06376129629265027,0.09842977609770281,0.16548463356973994,0.09908485856905158,0.07106713145170358,0.06199770378874857,0.23402777777777778
364000000,365999999,101473,6409,0.06315965823421009,0.10716914470778743,0.15825355381491152,0.10007443553055992,0.06807900253779102,0.05992340617256139,0.21862068965517242
366000000,367999999,101536,6494,0.06395761109360226,0.10290004416310908,0.15218027509511267,0.09864170945834023,0.07456634377111962,0.06991429860171403,0.23615977575332867
368000000,369999999,101247,6457,0.06377472912777662,0.10756075607560756,0.1531382015691008,0.0974245042376368,0.07184618844164606,0.06553620531622364,0.24113475177304963
370000000,371999999,101232,6527,0.06447565987039672,0.10574374079528719,0.15464069647336579,0.10013131976362442,0.07392035894559731,0.06393744250229991,0.23205574912891985
372000000,373999999,101169,6460,0.06385355197738438,0.1021370670596905,0.1594181386373757,0.09947903745968742,0.06792960430445018,0.06577736890524379,0.23557046979865773
374000000,375999999,101685,6491,0.06383439051974234,0.1074861637052141,0.1601934632859446,0.09896772079305259,0.07061477721376198,0.062010142923005995,0.2272108843537415
376000000,377999999,101526,6486,0.06388511317298032,0.10227441653039988,0.1546497939964685,0.10497692814765985,0.06972089402868899,0.06611198560827525,0.22296395193591456
378000000,379999999,101356,6420,0.06334109475512056,0.10474074074074075,0.15805109922756982,0.10592727876473518,0.0718792248760703,0.06756756756756757,0.25372124492557513
380000000,381999999,101368,6393,0.06306724015468393,0.10771024631977846,0.15620459168846265,0.10272308336824466,0.07556416685662183,0.06531738730450783,0.23029472241261137
382000000,383999999,101065,6532,0.06463167268589522,0.10220792513525369,0.1561491047842677,0.09931904999169573,0.07086077674312968,0.06668194317140239,0.24106517168885774
384000000,385999999,101076,6371,0.06303177806798844,0.10712166172106825,0.1555262386396951,0.10076220789010805,0.07379691457517845,0.06647005444646098,0.22348754448398578
386000000,387999999,101282,6383,0.06302205722635809,0.0978020356984806,0.15665364974466806,0.09623048820989705,0.06828822656160785,0.06339990710636322,0.22214627477785373
388000000,389999999,101046,6372,0.06306038833798468,0.1035103510351035,0.15962303048151966,0.10151006711409397,0.06995931283905968,0.06382001836547291,0.2145922746781116
390000000,391999999,100934,6331,0.06272415637941625,0.11312351543942993,0.15808276272700209,0.10181511186154496,0.07186766513915278,0.06251425963951632,0.22792022792022792
392000000,393999999,101037,6352,0.06286805823609173,0.10658540211089639,0.15853112404836542,0.09893581642833389,0.0699602498580352,0.06934058463630184,0.23625254582484725
394000000,395999999,101106,6413,0.06342848100013847,0.10720614294152392,0.15793368857312018,0.100655547257489,0.07020316027088036,0.061705569678761264,0.22605633802816902
396000000,397999999,100975,6543,0.06479821738053974,0.10810408921933086,0.16235610704141126,0.09988471673254282,0.07123318896740369,0.06523702031602709,0.2211021505376344
398000000,399999999,101064,6464,0.06395947122615372,0.10334029227557412,0.15427203351788119,0.10100075687494744,0.07375369906669701,0.06344135098128709,0.25848925848925847
400000000,401999999,100833,6361,0.06308450606448286,0.10659670164917541,0.1569034554352662,0.0993179171518882,0.06908190819081908,0.06714736367733214,0.24238320920785375
402000000,403999999,100961,6449,0.06387615019661057,0.11243386243386243,0.1598694942903752,0.10152966885190788,0.07038780542479264,0.06858710562414266,0.22501747030048916
404000000,405999999,101029,6435,0.06369458274356868,0.10411985018726591,0.15989997057958222,0.09907407407407408,0.0727355901189387,0.06850879196163508,0.24462924462924462
406000000,407999999,100801,6395,0.06344183093421692,0.10816448152562574,0.15392623438429506,0.10122293835729632,0.07329305824689387,0.06576492537313433,0.19972451790633608
408000000,409999999,100763,6305,0.06257257128112502,0.10775217000897935,0.15296198054818744,0.10259224858566242,0.06857402361489555,0.06312138728323699,0.23665223665223664
410000000,411999999,100861,6454,0.06398905424296805,0.10371702637889688,0.15871369294605808,0.09850498338870432,0.07203144872239566,0.07134663913741685,0.22708894878706198
412000000,413999999,100831,6242,0.06190556475687041,0.09952395120499852,0.15902366863905326,0.10124259861562838,0.07075844919181644,0.06509009009009009,0.22156084656084657
414000000,415999999,100819,6255,0.06204187702714766,0.10801393728222997,0.15770768547312305,0.09662320294215981,0.06951261271544344,0.06874160322436185,0.22011251758087202
416000000,417999999,100807,6300,0.06249566002360947,0.1027900146842878,0.15808491418247517,0.09865206402695872,0.07070361500741247,0.06473162865699147,0.2311864406779661
418000000,419999999,100448,6339,0.06310727938834024,0.10771257134494365,0.16071973162549558,0.0995260663507109,0.07068273092369477,0.06996353691886964,0.20314637482900136
420000000,421999999,100831,6257,0.062054328529916394,0.10610979929161747,0.16203359595659284,0.09634718498659517,0.07028753993610223,0.07388475836431227,0.2439696760854583
422000000,423999999,100708,6337,0.06292449457838503,0.1043648995619997,0.15061949544708164,0.1003686327077748,0.07252472433784245,0.060453400503778336,0.2393465909090909
424000000,425999999,100921,6423,0.06364384023146817,0.10077288941736029,0.1595998805613616,0.099277828505022,0.07031072805624858,0.0678391959798995,0.205363443895554
426000000,427999999,100456,6213,0.06184797324201641,0.1042138649750793,0.1635839902971498,0.09519071310116087,0.07378991312196773,0.06241331484049931,0.23447820343461032
428000000,429999999,100655,6336,0.06294769261338234,0.10567397178024618,0.1583086053412463,0.10029799914857386,0.07383520515956855,0.06257084561323963,0.22444603288062903
430000000,431999999,100501,6333,0.0630142983651904,0.10448660042155977,0.15437649880095924,0.09721634656062272,0.06727272727272728,0.06751740139211138,0.25
432000000,433999999,100413,6245,0.06219314232220927,0.107421875,0.15875638329828778,0.10027949521470314,0.0692359399507058,0.06712018140589569,0.22498225691980128
434000000,435999999,100692,6347,0.06303380606205061,0.10380267214799589,0.16199701937406855,0.09703864815124645,0.07441913963653093,0.06208778712758699,0.2357237715803453
436000000,437999999,100444,6261,0.0623332404125682,0.10749477455957002,0.1592463151496733,0.10107491042413132,0.07328174783796086,0.06161686356265925,0.22383922383922383
438000000,439999999,100455,6226,0.06197800009954706,0.10936806274974101,0.1642814549791294,0.09401273885350318,0.07019761029411764,0.0554515676181563,0.24166666666666667
440000000,441999999,100665,6181,0.06140167883574232,0.1043939393939394,0.15056011949215833,0.09602593947455935,0.07335774776836805,0.06381534283774609,0.2122276879831342
442000000,443999999,100604,6379,0.06340702158959882,0.10608308605341246,0.15875884922428077,0.10083396512509477,0.06956121156282391,0.07064721969006381,0.22603219034289712
444000000,445999999,100242,6209,0.061940104946030604,0.1044753553069247,0.16273442226255294,0.09882789442617422,0.07163160886867538,0.069777979157227,0.20042342978122796
446000000,447999999,100601,6332,0.06294172026123,0.10588587689081923,0.16196760647870426,0.09288208880758357,0.06817410966647823,0.06234126067882706,0.22653493295695132
448000000,449999999,100371,6260,0.06236861244781859,0.10948687350835322,0.1602440113078411,0.10229894880779421,0.06876856294265479,0.06854289605083977,0.22933884297520662
450000000,451999999,100340,6312,0.06290611919473789,0.10223835450695705,0.15668409260642271,0.10004217629692114,0.07203879011775571,0.06677338211753944,0.22885572139303484
452000000,453999999,100357,6352,0.06329404027621392,0.10134828056355098,0.15922212093588575,0.09897582269979852,0.07630337207964093,0.06055607917059378,0.22883135059482154
454000000,455999999,100378,6260,0.06236426308553667,0.10328429187100609,0.1630075187969925,0.1008135536358299,0.07067016782737756,0.07232142857142858,0.21983914209115282
456000000,457999999,100180,6144,0.061329606707925734,0.10726643598615918,0.15888417222559126,0.10250511247443762,0.07148459383753501,0.06792796899931616,0.2335920959774171
458000000,459999999,100255,6206,0.061902149518727245,0.10361916203634179,0.15448883487771534,0.09879558662511581,0.07405300875895802,0.06439046746104492,0.2228152101400934
460000000,461999999,100204,6303,0.06290168057163387,0.1088383452907953,0.15587419056429233,0.1010615711252654,0.07252747252747253,0.06345634563456345,0.24261603375527427
462000000,463999999,100444,6308,0.06280116283700371,0.1030127814972611,0.15600947306098284,0.10176654551601724,0.07553215838864728,0.05971869956190915,0.22954380883417813
464000000,465999999,100174,6223,0.0621219078802883,0.10699088145896657,0.15238817285822592,0.10083036773428232,0.06890194722894342,0.07008586679043861,0.23125
466000000,467999999,100343,6328,0.06306369153802457,0.10208333333333333,0.15601872828877814,0.09765857811834823,0.07007837713231904,0.06615240766713418,0.22245037645448323
468000000,469999999,100005,6285,0.06284685765711714,0.10286677908937605,0.15901540320144972,0.0982953099821898,0.06932270916334661,0.06319444444444444,0.20567375886524822
470000000,471999999,100304,6152,0.0613335460200989,0.10019528316058285,0.16094516272848863,0.10119896034208099,0.06722689075630252,0.06517217471689392,0.21700069108500344
472000000,473999999,99900,6307,0.06313313313313314,0.09922149290184705,0.15780780780780782,0.09735779198922921,0.07228915662650602,0.06668183887118799,0.224
474000000,475999999,99974,6221,0.06222617880648969,0.10872848082150408,0.1554679205217655,0.09702127659574468,0.07544103992571959,0.06532779316712835,0.2312971859986273
476000000,477999999,100275,6362,0.06344552480678135,0.09821562453141401,0.16031221855298708,0.09805238415043653,0.07041932543299909,0.06154183092422252,0.22637362637362637
478000000,479999999,100253,6303,0.06287093653057764,0.10678882547311505,0.15677840403441115,0.0928395481185764,0.06386651323360185,0.06474490963166324,0.20706042090970808
480000000,481999999,99950,6275,0.06278139069534767,0.10554171855541719,0.1603658536585366,0.09915952118176416,0.06782172574945856,0.06927985414767548,0.22347949080622348
482000000,483999999,99977,6148,0.0614941436530402,0.10222087009431093,0.15526155717761558,0.10040809386158817,0.07525524836526327,0.06654470615138348,0.22975778546712802
484000000,485999999,100109,6269,0.06262174230089203,0.101619804400978,0.15519342065184283,0.09770358444199644,0.06826568265682657,0.07263751763046544,0.21983356449375868
486000000,487999999,99967,6196,0.06198045354967139,0.10174110522331567,0.1570359281437126,0.09190520682918542,0.06585808206755837,0.06316031235645383,0.2298611111111111
488000000,489999999,99941,6247,0.0625068790586446,0.10033142512805061,0.15605968331303288,0.0970553393129125,0.06893361091834374,0.06116279069767442,0.23480662983425415
490000000,491999999,99833,6072,0.06082157202528222,0.102880658436214,0.1526147278548559,0.09602649006622517,0.0714936247723133,0.06388376383763837,0.21671195652173914
492000000,493999999,100051,6219,0.06215829926737364,0.09821703043344605,0.15860416354650292,0.09953343701399689,0.06807591771792249,0.06751152073732719,0.2141823444283647
494000000,495999999,99982,6225,0.06226120701726311,0.10057909174032308,0.15717505634861006,0.09430727023319616,0.07066087354219072,0.06473672213357648,0.23705722070844687
496000000,497999999,99850,6202,0.06211316975463195,0.10789951573849879,0.15479596446318325,0.10079891211966684,0.07164282418089525,0.06224066390041494,0.23133826496301277
498000000,499999999,99783,6123,0.06136315805297496,0.10507907542579076,0.16207107843137256,0.09757136770345122,0.07385321100917432,0.06179125202499421,0.21991978609625668
500000000,501999999,99676,6259,0.06279345078052892,0.10384024577572964,0.1507202426080364,0.09655751469353484,0.07110172474480816,0.05712990251643618,0.23280055594162613
502000000,503999999,99629,6280,0.06303385560429192,0.10155169764940851,0.1549231471617714,0.09660107334525939,0.0673963133640553,0.06398372145602532,0.2222222222222222
504000000,505999999,99657,6265,0.0628656291078399,0.11022195379737279,0.1575019040365575,0.09961323592608509,0.07241063244729606,0.06343984962406016,0.21690140845070421
506000000,507999999,99738,6211,0.062273155667849765,0.10714285714285714,0.16215393976270154,0.09628990509059535,0.07031339031339032,0.06630740393626991,0.2324503311258278
508000000,509999999,99685,6294,0.06313888749561118,0.10280515542077331,0.15940713853599517,0.09589275040560157,0.06981329003826975,0.06294346532387274,0.22985283812193413
510000000,511999999,99570,6316,0.06343276087174853,0.1076191936225663,0.16508131328628414,0.10260972716488731,0.06962687434615832,0.05928943199818964,0.22519352568613651
512000000,513999999,99641,6082,0.06103913047841752,0.1023382933495293,0.15760132590025613,0.09399812174506958,0.07335415943538123,0.058673469387755105,0.20771312584573748
514000000,515999999,99461,6153,0.061863443962960354,0.10918836140888208,0.1579354041106475,0.10140246493837654,0.07122872464443926,0.06595448211797492,0.2203626220362622
516000000,517999999,100025,6297,0.06295426143464133,0.10549686112387077,0.15618320610687023,0.09738777580522445,0.06897347174163783,0.06406179009541117,0.2286309937456567
518000000,519999999,99738,6221,0.06237341835609296,0.10314104500151011,0.1617111650485437,0.09629755434782608,0.06731549067315491,0.0708497337346608,0.22480058013052936
520000000,521999999,99500,6147,0.06177889447236181,0.10783708731872879,0.1593569533322928,0.09700784685694576,0.0660180681028492,0.07208659603869184,0.24644886363636365
522000000,523999999,99654,6091,0.06112148032191382,0.104468506939149,0.14944621453497192,0.09969377339231031,0.06317606444188723,0.06064126394052045,0.2402464065708419
524000000,525999999,99472,6244,0.0627714331671224,0.0987189148455162,0.15442073170731707,0.10173611111111111,0.06537000805616297,0.06269005847953216,0.22399445214979197
526000000,527999999,99833,6193,0.06203359610549618,0.10477053140096618,0.16124148372445118,0.09950248756218906,0.06624203821656051,0.06324200913242009,0.22560553633217992
528000000,529999999,99552,6105,0.06132473481195757,0.10938700261176833,0.15448149281125725,0.09978659837814767,0.06822177939280272,0.06586961425671103,0.2265193370165746
530000000,531999999,99461,6295,0.06329113924050633,0.10913549969343961,0.15372790161414296,0.0971336225227524,0.07394977433167457,0.06810933940774487,0.22145328719723184
532000000,533999999,99594,6220,0.06245356145952567,0.10719778529683174,0.15525465456224036,0.09489300025577628,0.0721323011963406,0.06513322705534047,0.22793606671299513
534000000,535999999,99578,6181,0.06207194360200044,0.10007570022710068,0.15455100794135615,0.09974048442906575,0.06487799236729501,0.06729228656443122,0.22304582210242588
536000000,537999999,99578,6244,0.0627046134688385,0.10084033613445378,0.15238678090575275,0.10045107564191534,0.06802332228192523,0.05962988348183688,0.22021419009370816
538000000,539999999,99472,6214,0.06246984075920862,0.10283634157439708,0.14996954933008527,0.10187531677648251,0.0679622948911905,0.07077140835102619,0.2472972972972973
540000000,541999999,99393,6252,0.06290181401104705,0.10543529045320044,0.1541884013501074,0.09510869565217392,0.07058545797922569,0.06902161282825936,0.21052631578947367
542000000,543999999,99211,6089,0.06137424277549868,0.10755007704160247,0.15995697602950215,0.10037878787878787,0.06890042472864559,0.06182486784647208,0.22832980972515857
544000000,545999999,99475,6167,0.06199547625031415,0.10178920463088258,0.15769944341372913,0.09867252895916125,0.06846399432422845,0.0684016582220175,0.23006993006993007
546000000,547999999,99391,6243,0.06281252829733075,0.10457516339869281,0.16327151109759805,0.09211204674342671,0.07248400232693426,0.0594855305466238,0.21500334896182183
548000000,549999999,99505,6101,0.06131350183407869,0.10470804035463162,0.1504507304942493,0.09333561468046882,0.0739231664726426,0.060503059143439834,0.23310344827586207
550000000,551999999,99604,6275,0.06299947793261315,0.10472154963680387,0.15100979192166464,0.09648971122254885,0.06525756525756526,0.06067518248175183,0.22954230235783635
552000000,553999999,99514,6148,0.06178025202484073,0.10618091234625564,0.1551828346932608,0.09245574841037979,0.06717102246675836,0.061517113783533764,0.22624743677375256
554000000,555999999,99143,6176,0.06229385836619832,0.10422491456974216,0.15766871165644172,0.09594190516873131,0.0705950317735413,0.06537644559830068,0.21929215822345594
556000000,557999999,99364,6199,0.06238677992029307,0.10434386391251518,0.1518719806763285,0.0988576827278193,0.07175095475060757,0.06577757685352623,0.2219873150105708
558000000,559999999,99169,6169,0.06220693966864645,0.10603964960811434,0.15528240236502255,0.09863323757290851,0.06889352818371608,0.06030499075785582,0.23154121863799282
560000000,561999999,99346,6132,0.0617236728202444,0.10349069660156851,0.1598750743604997,0.09574468085106383,0.06618334892422825,0.0639386189258312,0.21510791366906476
562000000,563999999,99308,6187,0.062301123776533615,0.10261941448382127,0.15403498005523167,0.09666263185197994,0.06979710144927537,0.05889145496535797,0.22251832111925382
564000000,565999999,99129,6002,0.06054736757154818,0.10436893203883495,0.158887171561051,0.09669233461673084,0.06440677966101695,0.07047443574389682,0.23608174770965468
566000000,567999999,99207,6036,0.06084248087332547,0.10832294264339153,0.15720253752127494,0.09798994974874371,0.06732879085344728,0.06963030165570425,0.21916010498687663
568000000,569999999,99146,6255,0.06308877816553365,0.10344827586206896,0.15933302454840204,0.09443203299536003,0.07314259344716198,0.06655918931368034,0.21712328767123287
570000000,571999999,99121,6126,0.06180325057253256,0.10509056839475328,0.1575478927203065,0.09774500557318014,0.06764295676429567,0.06286379511059371,0.21681723419041002
572000000,573999999,99324,6089,0.061304417864765814,0.10159516803469103,0.15548970679975047,0.09576205621937592,0.07081792975970425,0.06894956038870893,0.22915298752462246
574000000,575999999,99076,6113,0.06170010900722678,0.10625,0.15895156345800124,0.0996820486379651,0.06593798265415231,0.06685768863419293,0.22304582210242588
576000000,577999999,99174,6173,0.06224413656805211,0.1109204368174727,0.15766536964980546,0.10014676681343349,0.07097361237488627,0.06108283202221194,0.22529644268774704
578000000,579999999,99194,6186,0.06236264290178842,0.09930576516752189,0.15423340961098397,0.09928094949319934,0.0771499351185561,0.06471529842213583,0.2150313152400835
580000000,581999999,99009,6079,0.06139845872597441,0.10639298025697273,0.15428927292542427,0.10244873236999222,0.07072738024837374,0.06207054512139258,0.2229299363057325
582000000,583999999,99342,6153,0.06193754907289968,0.10273341523341524,0.1557569129823465,0.09931153184165233,0.07002768804799261,0.061618917689859026,0.21691176470588236
584000000,585999999,98844,6215,0.06287685646068553,0.11076636673906298,0.1619553334374512,0.09518873628746653,0.0741777466759972,0.06538637402834933,0.23150033944331297
586000000,587999999,99040,6184,0.06243941841680129,0.09368821292775666,0.15713844252163164,0.09983519819585393,0.07550665894614939,0.06771799628942486,0.21366906474820144
588000000,589999999,99134,6130,0.06183549539007808,0.10259541984732824,0.15874961691694758,0.09433962264150944,0.06756286939390428,0.06674259681093395,0.21023890784982935
590000000,591999999,99303,5916,0.05957523941874868,0.1019716574245225,0.15219754620282652,0.0985213204951857,0.06905341211910555,0.06763285024154589,0.21284019539427773
592000000,593999999,98902,6058,0.06125255303229459,0.10860432550178932,0.15035019455252918,0.09785475646210656,0.07245378344241589,0.0676164631388512,0.22889182058047494
594000000,595999999,99254,6047,0.060924496745723096,0.1005380476556495,0.1529770992366412,0.09951102341940465,0.07074876734319459,0.07309738607448531,0.22229916897506924
596000000,597999999,98913,6093,0.06159958751630221,0.10535298681148177,0.1528437835351832,0.09217226201777855,0.06995028326974216,0.06861143523920653,0.23869171885873347
598000000,599999999,98787,6124,0.06199196250518793,0.09650763953850951,0.15542521994134897,0.09687715665976536,0.0754826031672639,0.0700593336376084,0.22143364088005676
600000000,601999999,99066,6114,0.06171643146992914,0.09896236642403593,0.15353846153846154,0.1005446528918475,0.06904983698183512,0.06066176470588235,0.20604395604395603
602000000,603999999,99233,6103,0.06150171817842855,0.09614801334546558,0.15875688916105327,0.09799147900182593,0.06402969493098248,0.06160590678357176,0.22306629834254144
604000000,605999999,98684,6079,0.061600664748084795,0.11215245235863792,0.1563995677010962,0.09841352859135286,0.06825978942387319,0.06244041944709247,0.22344827586206897
606000000,607999999,98942,6178,0.06244062177841564,0.10451045104510451,0.14810794044665013,0.09770214236351071,0.06633594831564375,0.06578324656885944,0.22562674094707522
608000000,609999999,98816,6117,0.06190293069948186,0.10163170163170163,0.16137973514012935,0.09747796491840474,0.06695338835290016,0.06481058877225011,0.2390998593530239
610000000,611999999,98770,6139,0.06215450035435861,0.10651340996168582,0.15082580243066376,0.1026091540015813,0.06979178783296498,0.06367214633016902,0.23109843081312412
612000000,613999999,98985,6064,0.061261807344547156,0.09936542330908528,0.15522295941984263,0.09842485423374815,0.07225701693342612,0.06171714871327716,0.2126038781163435
614000000,615999999,98911,6189,0.0625714025740312,0.10373191165270373,0.1568535091851154,0.10278836162105992,0.07133743185245331,0.0671046457062412,0.22695035460992907
616000000,617999999,98371,6106,0.06207113885189741,0.10778071129057307,0.15867331049517283,0.09632301196340605,0.07069996482588814,0.06365313653136531,0.23715415019762845
618000000,619999999,98907,6161,0.06229083886883638,0.10614265820826242,0.15855743820923363,0.09657133011716058,0.07301661596068336,0.06046828824732894,0.21801925722145804
620000000,621999999,98706,6053,0.06132352643203048,0.10208235478315328,0.153475353755248,0.09418116376724656,0.07113218731475993,0.0657834627683874,0.226546212647672
622000000,623999999,98756,6197,0.06275061768398882,0.10490484295218938,0.15119900342572407,0.09697766097240473,0.07349173072443513,0.06453867660764212,0.21685878962536023
624000000,625999999,98705,6139,0.06219543082923864,0.10121012101210121,0.15205585725368503,0.09991319444444445,0.06974819718642866,0.06353330184222956,0.2551358515573227
626000000,627999999,99050,6182,0.06241292276627965,0.10526315789473684,0.15108578469120593,0.0996804007946791,0.0676559943912129,0.06438679245283019,0.2300531914893617
628000000,629999999,98624,6062,0.06146576898118105,0.10580466830466831,0.16413421968977523,0.09191273109611846,0.0724961751206308,0.06730331969076853,0.2060478199718706
630000000,631999999,98740,6052,0.06129228276281142,0.10456508328192474,0.1578454332552693,0.09618400418191322,0.07325323690656713,0.06173131504257332,0.22903453136011276
632000000,633999999,98432,6082,0.061788849154746424,0.10237203495630462,0.1513488080301129,0.09781009261663637,0.0710683710566436,0.061191626409017714,0.238300935925126
634000000,635999999,98787,6105,0.061799629505906645,0.0996186844613918,0.15652585119798235,0.10307692307692308,0.07311375846764774,0.06850961538461539,0.23109540636042403
636000000,637999999,98747,5868,0.05942459011413005,0.1079414032382421,0.15143850774581094,0.09537899225480811,0.07202151291944348,0.0562874251497006,0.23426573426573427
638000000,639999999,98515,5959,0.06048825052022535,0.10717063306890652,0.15615892007976684,0.09628913119943722,0.065715313586761,0.06680393502630977,0.22283356258596973
640000000,641999999,98731,6100,0.06178403946075701,0.1045854271356784,0.15499138066133836,0.09276485788113695,0.07176033441709243,0.06288730778058298,0.23414985590778098
642000000,643999999,98478,6190,0.06285667864903836,0.10383386581469649,0.1583216346903759,0.09681651215672556,0.06917657928167224,0.06890086711975626,0.20667613636363635
644000000,645999999,98601,6016,0.06101357998397582,0.09849435382685069,0.15044656606097936,0.09551690990124967,0.07178217821782178,0.06520247083047358,0.23439667128987518
646000000,647999999,98613,5981,0.060651232596108016,0.10100697134004648,0.15279503105590062,0.10089254462723136,0.07069635913750442,0.05781286278151846,0.22911051212938005
648000000,649999999,98522,6081,0.06172225492783338,0.10089160018770531,0.14721751194697086,0.09752903169475247,0.07036992408723942,0.07251461988304093,0.2239202657807309
650000000,651999999,98598,6066,0.0615225460962697,0.10579306071871128,0.1502428325238916,0.09769617183440152,0.07064527300011543,0.07061024082300678,0.2263779527559055
652000000,653999999,98615,6137,0.062231911980935965,0.09770920991117345,0.15473186119873816,0.09999130510390401,0.06919694515158528,0.06722880583409298,0.22358554873892297
654000000,655999999,98383,6006,0.061047132126485264,0.10376033702605711,0.14828013634955067,0.10109242240332929,0.06965761511216056,0.061200923787528866,0.2176056338028169
656000000,657999999,98643,5984,0.06066319961882749,0.09712062256809338,0.1522952853598015,0.09938266237718459,0.06669019054340156,0.0656003708854891,0.21518987341772153
658000000,659999999,98536,6003,0.060921896565722174,0.10752688172043011,0.15946071594607159,0.09750982961992136,0.07087079981069569,0.06477454795147632,0.24860335195530725
660000000,661999999,98618,6095,0.06180413311971445,0.10343745094961544,0.16148477157360405,0.0947386820485929,0.06811325133441634,0.06414742243993468,0.2277432712215321
662000000,663999999,98532,6034,0.061238988348962776,0.1043069694596711,0.15015479876160992,0.09615719005390366,0.07049026507154586,0.06429703418609917,0.23827252419955325
664000000,665999999,98360,5993,0.06092923952826352,0.10671875,0.15440138082535698,0.09154001581305456,0.06509840456504018,0.06718346253229975,0.20653685674547984
666000000,667999999,98266,5901,0.06005128935745833,0.10394489668127739,0.1482590200094533,0.10051886377627298,0.06779860865463978,0.05714285714285714,0.2145922746781116
668000000,669999999,98373,6066,0.06166326126071178,0.09888751545117429,0.15643595364860632,0.10069597392300238,0.06913033341105153,0.068327239488117,0.2180814354727398
670000000,671999999,98419,6061,0.061583637305804774,0.10420936465394924,0.14975693899952955,0.09701557469764205,0.07074910820451843,0.05852534562211981,0.23655172413793105
672000000,673999999,98481,6050,0.06143316985002183,0.1049200682911687,0.16009928637914986,0.09505803728455857,0.07033459000942507,0.06015733456732994,0.22246376811594204
674000000,675999999,98213,5944,0.060521519554437804,0.10641652215040202,0.1553896406906206,0.09423853855612155,0.06712199717381065,0.055832739368020905,0.23837209302325582
676000000,677999999,98119,6090,0.062067489477063566,0.10020809988794621,0.151597012553631,0.09493281812593309,0.07008849557522123,0.058957432278625085,0.22834116856950973
678000000,679999999,98616,6028,0.06112598361320678,0.09877112135176651,0.15562185929648242,0.09715037264357738,0.06754530477759473,0.06424581005586592,0.19762569832402235
680000000,681999999,98100,6091,0.06208970438328237,0.0967741935483871,0.15318281592975855,0.09440621139932945,0.07431439764936337,0.05998636673483299,0.22536231884057972
682000000,683999999,98200,6120,0.06232179226069246,0.10317211055276382,0.15048468995230035,0.0930028129395218,0.07269316449759644,0.06586418351124233,0.24982307147912244
684000000,685999999,98494,5997,0.060886957581172456,0.10343228200371057,0.15332916536417632,0.09210295920154088,0.0693232728130158,0.060807600950118765,0.2266473569876901
686000000,687999999,98328,5933,0.06033886583679115,0.10040919106074914,0.1536040289581366,0.09765897973445144,0.06940174982265311,0.06800368833563854,0.22633744855967078
688000000,689999999,98458,6092,0.06187409860041845,0.10001545833977431,0.16600977455462715,0.09564603020400954,0.07093526864099263,0.06665155293584221,0.21904761904761905
690000000,691999999,98356,6169,0.06272113546707878,0.10137159072993851,0.1518765903307888,0.09991158267020336,0.07133608004708653,0.06229660622966062,0.22309337134711332
692000000,693999999,98061,5974,0.060921263295295784,0.1095890410958904,0.1517412935323383,0.10262318326834456,0.06836602842711148,0.0617169373549884,0.2240875912408759
694000000,695999999,98565,6158,0.06247653832496322,0.10625978090766823,0.14871320696563414,0.09910542010173654,0.0671694555738864,0.06547475235564146,0.2273342354533153
696000000,697999999,98088,6129,0.06248470760949352,0.10703953712632594,0.1569337320950732,0.0986819285466528,0.06790419161676647,0.06565064478311841,0.2459016393442623
698000000,699999999,98114,5981,0.06095969994088509,0.11097178683385579,0.1538821328344247,0.09408649602824361,0.06548819551548227,0.06671251719394773,0.22268041237113403
700000000,701999999,98215,6085,0.061955913047905105,0.1,0.1536627999364373,0.09986870897155362,0.07217585517808864,0.06584743797820543,0.22865013774104684
702000000,703999999,98232,6069,0.061782311263132175,0.09947726912719784,0.14878510571158093,0.096671388101983,0.06879174967772178,0.061266636071592474,0.2132701421800948
704000000,705999999,98146,5948,0.06060359056915208,0.10264021246680206,0.15780392156862746,0.09809240462023101,0.06814430558830464,0.06515580736543909,0.22191967324710687
706000000,707999999,98161,6025,0.06137875531015373,0.0938375350140056,0.15593545294775524,0.0959992934734611,0.06937033084311633,0.05829493087557604,0.22476446837146702
708000000,709999999,98220,5895,0.06001832620647526,0.09995386744579425,0.155921568627451,0.09758454106280193,0.07413509060955518,0.06405856783344772,0.2310418143160879
710000000,711999999,98007,5991,0.061128286755027704,0.10383462206091211,0.15351913084553614,0.09207520646635038,0.0675484175720359,0.05778491171749599,0.21864050455501052
712000000,713999999,98100,5866,0.05979612640163099,0.10246029274369356,0.1467051467051467,0.0962865880297073,0.06848341232227488,0.06815565277457979,0.22397702799712849
714000000,715999999,97866,6184,0.06318844133815625,0.10286253538848694,0.1580163252733713,0.09606831524639743,0.07188211333413203,0.06581096849474913,0.23168908819133036
716000000,717999999,98207,6137,0.06249045383730284,0.10291595197255575,0.15388257575757575,0.09663019693654266,0.06779260659029172,0.07247386759581882,0.23187414500683995
718000000,719999999,97963,5921,0.060441186978757284,0.09825850774884166,0.15469077991280478,0.09507323568575234,0.06443176414645745,0.06342250922509225,0.22260748959778087
720000000,721999999,98186,6034,0.06145478988857882,0.10178685386088067,0.1515769653224541,0.0936677775828802,0.07040417209908735,0.06446357924133116,0.23242467718794835
722000000,723999999,98204,5927,0.06035395706895849,0.10569996868149076,0.15579080423447622,0.09859908985455519,0.07272082298687478,0.06261682242990654,0.22406340057636887
724000000,725999999,97952,6033,0.06159139170205815,0.09964467789278542,0.1508744038155803,0.09555101678358938,0.06608299352362677,0.06258790436005626,0.20300751879699247
726000000,727999999,98093,5983,0.06099313916385471,0.10138539042821158,0.15128976103813896,0.1004910557699053,0.0679417977000704,0.05828651685393258,0.2071629213483146
728000000,729999999,97687,5918,0.06058124417783328,0.10557926347400032,0.1568502936974123,0.10039299749910682,0.06499470151889791,0.06065535672786428,0.22166427546628406
730000000,731999999,97960,5936,0.06059616169865251,0.10517048183127901,0.15409156165257618,0.09447635881573133,0.07018160515524312,0.05843414745491897,0.22019019751280175
732000000,733999999,97961,5982,0.0610651177509417,0.10710330643885461,0.15619614601284662,0.09465459065885277,0.06441281138790035,0.06865741829296967,0.22720897615708274
734000000,735999999,97892,6130,0.06262003023740449,0.10431768042861646,0.1472217824916891,0.10023123443614372,0.07132718239886444,0.06171074577078866,0.20614954577218728
736000000,737999999,97887,5974,0.06102955448629542,0.10231023102310231,0.15956266835683727,0.09756309834638817,0.0690567853705486,0.06343283582089553,0.20969945355191258
738000000,739999999,98117,5955,0.060692846295748955,0.10535433070866142,0.15815925867755615,0.09879839786381843,0.06563245823389022,0.06298110566829951,0.21151271753681392
740000000,741999999,98190,6059,0.06170689479580405,0.10574392320792693,0.15243142144638405,0.0983490774256202,0.06573610116917203,0.06689814814814815,0.22206896551724137
742000000,743999999,97712,5993,0.0613333060422466,0.10437710437710437,0.14941233295765577,0.09668020483842486,0.0729312762973352,0.05987202925045704,0.23911541119557705
744000000,745999999,97795,5908,0.06041208650749016,0.09988953763610542,0.14854956965253427,0.09544930364587953,0.06394191357301791,0.06861616394197559,0.22746781115879827
746000000,747999999,97761,5946,0.060821800104336084,0.09658817876021143,0.1537478024612434,0.09753086419753086,0.07109956300933035,0.06384439359267735,0.21182266009852216
748000000,749999999,97736,5938,0.060755504624703284,0.10119521912350597,0.15484375,0.09189477426235336,0.07078039927404718,0.06004238285848835,0.21292517006802722
750000000,751999999,97762,6049,0.061874757063071543,0.11198738170347003,0.16074766355140188,0.09611344537815127,0.06899468342194297,0.06241299303944316,0.23264137437365784
752000000,753999999,97668,5994,0.06137117582012532,0.10167865707434053,0.15455410980641066,0.09479175877619594,0.06796931191560777,0.06287703016241299,0.23066754791804361
754000000,755999999,98209,6053,0.0616338624769624,0.1053948397185301,0.15164385716532955,0.09947736734874657,0.06458111150610261,0.0689183021451392,0.211118930330753
756000000,757999999,97754,6049,0.06187982077459746,0.10696122059758423,0.1497873680894629,0.09534760304263223,0.07366177167219327,0.06792277273784601,0.2501802451333814
758000000,759999999,97645,6032,0.061774796456551796,0.09863188036907414,0.15779557230334432,0.09406514948683624,0.06980635907243606,0.0657156220767072,0.22056833558863329
760000000,761999999,97862,6058,0.06190349676074472,0.10970873786407767,0.15042306486994672,0.09848148477044667,0.0718258194296533,0.06228212874738555,0.23142250530785563
762000000,763999999,97703,5979,0.06119566441153291,0.10334928229665072,0.15454690746364072,0.09979506370845585,0.07172897196261682,0.06290773532152842,0.2152080344332855
764000000,765999999,97455,5907,0.06061259042635062,0.10489736544367222,0.15184243964421856,0.09379470672389127,0.0690640628721124,0.07255813953488371,0.23119015047879618
766000000,767999999,97832,5980,0.06112519421048328,0.1085173501577287,0.15353024798610015,0.09289226642825213,0.07024007606370335,0.060240963855421686,0.22330774598743894
768000000,769999999,97908,5961,0.0608836867263145,0.10569882203120025,0.15741771346795994,0.1012636165577342,0.0715913179038254,0.0625,0.22392414296134208
770000000,771999999,97847,6112,0.06246486862141915,0.10238693467336683,0.1518512732385565,0.09261565836298932,0.06886298763082778,0.06296992481203008,0.23832752613240418
772000000,773999999,97671,5897,0.06037616078467508,0.09862311879602946,0.14993606138107418,0.09355950172276703,0.06730882180194996,0.06882781301385953,0.22120141342756183
774000000,775999999,97627,5931,0.060751636330113594,0.10623919534810623,0.15186656076250993,0.1001338688085676,0.07158221797323136,0.06501182033096926,0.22603219034289712
776000000,777999999,97719,5839,0.05975296513472303,0.10454617456043086,0.1628633948108784,0.09539328811767815,0.06770528288625981,0.057898498927805575,0.2203757225433526
778000000,779999999,97633,5854,0.059959235094691345,0.10175383156896824,0.14989601663733804,0.09458740017746228,0.06635747413485552,0.06441930270145463,0.22291666666666668
780000000,781999999,97759,6069,0.06208124060188832,0.10798346055979643,0.15214297010912542,0.09297996809076405,0.0673954829408938,0.059509918319719954,0.2394567548248749
782000000,783999999,97846,5876,0.06005355354332318,0.09799554565701558,0.14876678114267874,0.09320905459387484,0.0652738432483475,0.0666049953746531,0.2358974358974359
784000000,785999999,97753,5886,0.06021298579071742,0.10335018963337547,0.15237182558696694,0.09498000888494003,0.06772956125629345,0.07344503098462245,0.20582120582120583
786000000,787999999,97510,5864,0.06013742180289201,0.10376745696654759,0.14905750039600824,0.09641970932293513,0.06803949903660886,0.05902618282039504,0.22347153900210823
788000000,789999999,97909,5961,0.06088306488678263,0.1062300319488818,0.16050935387517687,0.09878177966101695,0.06582368234459939,0.06433166547533953,0.2265625
790000000,791999999,97711,6050,0.06191728669238878,0.09327824566979183,0.15503875968992248,0.09235583370585605,0.07509025270758123,0.06541405706332637,0.21904080171796708
792000000,793999999,97545,5954,0.06103849505356502,0.10486177311725453,0.15089801154586274,0.09523389232127097,0.06323494120470362,0.06062041202936301,0.24171270718232044
794000000,795999999,97490,5863,0.060139501487332034,0.105229180116204,0.1568721133938525,0.09492194509240984,0.0691786520860573,0.06315300673322498,0.2329896907216495
796000000,797999999,97836,5988,0.06120446461425242,0.10062893081761007,0.15332170604090692,0.10005350454788657,0.06924812923150017,0.05461483424755545,0.22875354107648727
798000000,799999999,97344,5929,0.0609077087442472,0.10180703452726686,0.14862063466751715,0.0973279065652097,0.06619498740856218,0.05878153260352213,0.21173297370195548
800000000,801999999,97686,5929,0.06069447003664803,0.1044349070100143,0.15499681731381285,0.09681685918349352,0.067097237172587,0.0677731673582296,0.21081081081081082
802000000,803999999,97309,5901,0.06064187279696637,0.09975903614457832,0.15373743718592964,0.09611929572403881,0.06506196377502384,0.06409388399909727,0.22825330549756437
804000000,805999999,97783,6023,0.06159557387275907,0.10797897754419493,0.15816565278427702,0.09824060016075735,0.06764564275397207,0.06382483112042861,0.22617354196301565
806000000,807999999,97676,5879,0.06018878741963225,0.10102766798418972,0.15567706658089417,0.098767621243018,0.0667687235044748,0.06203183520599251,0.2137883008356546
808000000,809999999,97554,5959,0.06108411751440228,0.1003225806451613,0.15302547770700636,0.08794414000353544,0.06882206109592298,0.06466951973371374,0.23146223146223147
810000000,811999999,97380,5903,0.06061819675498049,0.103207367418228,0.14755923040228971,0.0935956166352286,0.0658084696823869,0.06116279069767442,0.2257844474761255
812000000,813999999,97377,5858,0.060157942840711874,0.09701017811704835,0.14358647096362476,0.09890011624787624,0.07025733093955715,0.06420323325635104,0.21196827685652486
814000000,815999999,97630,5927,0.06070879852504353,0.10601719197707736,0.1536624203821656,0.09498351599394102,0.07362325691325927,0.06619814101110859,0.20512820512820512
816000000,817999999,97562,5911,0.060587113835304726,0.10792063236005807,0.15717684377478192,0.0958256760304542,0.07206142941523921,0.061659712563745944,0.22338204592901878
818000000,819999999,97366,5844,0.060020951872316826,0.09998395121168352,0.14804063860667635,0.09486479344666608,0.07047920985245702,0.06466620144219586,0.22277936962750716
820000000,821999999,97444,5881,0.06035261278272649,0.0925103141859727,0.15493400377121308,0.09547829219960367,0.06245478659271763,0.060435699226985246,0.21149897330595482
822000000,823999999,97454,5942,0.060972356188560756,0.10398585663773706,0.14895650788593276,0.09694777699364855,0.06696214662194537,0.06471421823334908,0.23282967032967034
824000000,825999999,97267,5951,0.061182106983869146,0.09807073954983923,0.15380867305505927,0.09274447949526814,0.06779255000598874,0.06776084407971864,0.22291666666666668
826000000,827999999,97290,5751,0.059111933395004625,0.102179406190777,0.1447833065810594,0.09529369498832405,0.07112616426756986,0.0670253306433535,0.20812894183601963
828000000,829999999,97447,5869,0.06022761090644145,0.10136897001303781,0.15104669887278582,0.09773965871526848,0.07113020646855234,0.06194274988268419,0.2237665045170257
830000000,831999999,97310,5918,0.060815949028876784,0.10107052896725441,0.14860583016476553,0.09615213720785569,0.06635747413485552,0.057412958266082545,0.23567802755620015
832000000,833999999,97519,5775,0.05921922907330879,0.1062809653188429,0.15203836930455636,0.09431958945319413,0.06355320173326914,0.058699225170227756,0.22662889518413598
834000000,835999999,97332,5871,0.06031931944273209,0.10708007032124021,0.14948783610755442,0.1018895217430612,0.07044652634140407,0.057883769391062746,0.24178082191780823
836000000,837999999,97400,5918,0.06075975359342916,0.1043981843794021,0.15461465271170313,0.09799017418490398,0.07144590004852014,0.06584847769648336,0.21413427561837456
838000000,839999999,97445,5814,0.05966442608651034,0.10447523491001752,0.1500482470247668,0.08998211091234347,0.06948604288966095,0.06539637732298283,0.23737024221453287
840000000,841999999,97252,5941,0.06108871796981039,0.10424339471577262,0.15705827360548458,0.09321581196581197,0.06698564593301436,0.06385457935213237,0.20804911323328787
842000000,843999999,97527,5897,0.060465307043177784,0.10277689115863389,0.14754615748777025,0.09477652127086698,0.06319877603860186,0.05965645311049211,0.20328102710413695
844000000,845999999,97206,5816,0.05983169763183343,0.11189153871283894,0.1499120984497363,0.09582441113490364,0.0647456421202419,0.06212050443717889,0.2235213204951857
846000000,847999999,97038,5932,0.06113069106947794,0.09690487765354075,0.1531326281529699,0.0963758389261745,0.06895319757056091,0.06230176710466697,0.21369294605809128
848000000,849999999,97533,5940,0.06090246378148934,0.10435743605936217,0.15368884694038068,0.09656461374154503,0.06324868231911836,0.061606933708128364,0.23588709677419356
850000000,851999999,97086,5809,0.05983354963640484,0.10137732222934016,0.16003223207091055,0.09398936649544921,0.07243558580456977,0.061328396204582275,0.21312632321806635
852000000,853999999,97342,5887,0.06047749173018841,0.10543946402935077,0.16026871401151632,0.10101191009223605,0.06968599033816425,0.06013824884792627,0.22098679638637944
854000000,855999999,97322,5859,0.06020221532644212,0.1010230179028133,0.15724895059735228,0.09283039058319957,0.07151342361606082,0.06068239065720174,0.2265840220385675
856000000,857999999,97120,5957,0.06133649093904448,0.10753036437246964,0.15141297366730894,0.09526387009472259,0.06995734308348568,0.05907650520597556,0.20374370050395968
858000000,859999999,97004,5817,0.05996659931549214,0.10598783221261607,0.1553921568627451,0.1001429337144899,0.0686482661004954,0.05933964442392057,0.2019914651493599
860000000,861999999,97067,5902,0.060803362625815156,0.09798043546860208,0.15669742284441615,0.09452781022553688,0.07075759424179578,0.06504809894640404,0.22199170124481327
862000000,863999999,97253,5741,0.05903159799697696,0.0991551091981508,0.15578373175036098,0.09835042353990192,0.06561331564346883,0.06321292775665399,0.22794636556104447
864000000,865999999,97250,5991,0.06160411311053984,0.09844395046046364,0.15084153699587172,0.09518235029266096,0.07054142047509948,0.05947604437101723,0.212707182320442
866000000,867999999,97324,5866,0.06027290288109819,0.09985410925595721,0.15665713377820145,0.09373615664038275,0.06791232482932087,0.0613000231320842,0.22
868000000,869999999,97154,5900,0.06072832822117463,0.0997274330607664,0.14960881366757145,0.0946490992202205,0.06605019815059446,0.061934585942936674,0.2181184668989547
870000000,871999999,97084,5956,0.061348934942936015,0.09796049462020234,0.1556513409961686,0.09563409563409564,0.06664234464307431,0.06454630495790459,0.2170487106017192
872000000,873999999,97207,5972,0.06143590482166922,0.11103969146713803,0.14964561855670103,0.09435138987883107,0.07071915759243748,0.06117146905999055,0.2155297532656023
874000000,875999999,97053,5950,0.06130670870555264,0.10041573393028462,0.15107337391861583,0.09488855071166413,0.06956836267181095,0.059743954480796585,0.21853388658367912
876000000,877999999,96867,5885,0.060753404152084814,0.10141661300708306,0.15506020175724047,0.0925122083559414,0.06559139784946237,0.0661625708884688,0.23776223776223776
878000000,879999999,97262,5809,0.05972527811478275,0.10304,0.15225137674117267,0.0924422236102436,0.06874548519142788,0.06614246068455135,0.2111111111111111
880000000,881999999,96916,5800,0.059845639522885796,0.09793730713009582,0.1499918393993798,0.09492590929501572,0.07107813808783056,0.0652839971718124,0.21176470588235294
882000000,883999999,97103,5834,0.06008053304223351,0.10352564102564103,0.1612851662404092,0.091891401071461,0.07217737076756235,0.05956761729530819,0.2147324530924253
884000000,885999999,96866,5912,0.06103276691511986,0.1027992277992278,0.15786061588330633,0.09406748911465893,0.06561360874848117,0.05749770009199632,0.21801286633309508
886000000,887999999,97265,5938,0.06104970955636663,0.10318979266347687,0.15328467153284672,0.09543531106509409,0.06491312741312741,0.05854241338112306,0.2203742203742204
888000000,889999999,96901,5791,0.05976202515969908,0.10054697554697554,0.15180019461563413,0.09867825457179069,0.06960725075528701,0.05379671506784099,0.22
890000000,891999999,96879,5876,0.060652979489879126,0.10247907784620243,0.14818401937046005,0.09757407573180557,0.06570493393138563,0.06056338028169014,0.19161676646706588
892000000,893999999,97225,5939,0.06108511185394703,0.1013557133634603,0.15469173171897405,0.09667728720983158,0.06691449814126393,0.061151931737378526,0.21408647140864714
894000000,895999999,96930,5824,0.06008459713195089,0.10342045821232655,0.15275281816696618,0.09835194045720362,0.06852761471187253,0.05648148148148148,0.23312456506610996
896000000,897999999,96874,5963,0.061554183785122944,0.10161290322580645,0.14719173660426083,0.096959213401311,0.07007508044333215,0.060914908746148376,0.22424667133847231
898000000,899999999,96895,5998,0.06190205892976934,0.10709759188846642,0.15414382457271847,0.09832134292565947,0.07240038872691934,0.06188925081433225,0.22493036211699163
900000000,901999999,97200,5933,0.06103909465020576,0.09874959923052261,0.1538837322911578,0.09741193386053199,0.07174565086982604,0.06669776119402986,0.22214435879467415
902000000,903999999,96825,5853,0.06044926413632843,0.101308773630635,0.15170731707317073,0.09411871483027773,0.06453183976622427,0.06407857811038353,0.22960932145305005
904000000,905999999,96964,5733,0.05912503609587063,0.09729816661305886,0.1509188485932672,0.09374433363553944,0.07304514429409652,0.07015032211882606,0.22322045611610228
906000000,907999999,97154,5799,0.059688741585524015,0.09738793937439535,0.15087719298245614,0.09432275368797496,0.07018596280743851,0.05834870848708487,0.22448979591836735
908000000,909999999,97199,5849,0.0601755162090145,0.10091743119266056,0.15397004348526333,0.09753263007330591,0.06707833878193487,0.05835667600373483,0.24105865522174535
910000000,911999999,97113,5888,0.06063039963753566,0.10254359302511598,0.14870895760280523,0.09439395302798524,0.06898620275944811,0.05900257550924842,0.21107994389901824
912000000,913999999,96855,5960,0.061535284703938875,0.10485562187449589,0.14828711256117455,0.0930379746835443,0.06631490586401247,0.05607032549299121,0.23705722070844687
914000000,915999999,97124,5841,0.060139615337094846,0.1053897978825794,0.15083798882681565,0.09679734457701623,0.06720589984536696,0.06666666666666667,0.21645313553607554
916000000,917999999,96772,5808,0.06001736039350225,0.10636231180184555,0.15294880103694103,0.09477825464949928,0.07515708071532141,0.06056466302367942,0.21428571428571427
918000000,919999999,97162,5749,0.05916922253555917,0.09872765340634562,0.1449018977163075,0.09744820841113186,0.06820376629647514,0.060961582700713134,0.19077568134171907
920000000,921999999,96931,5906,0.06092993985412304,0.11169085276373716,0.15077319587628865,0.09354520154412425,0.06521739130434782,0.06276646139270488,0.20883820384889523
922000000,923999999,96725,5922,0.0612251227707418,0.09824730664093906,0.15400878191575865,0.09439985406785845,0.06430478039310847,0.0638148667601683,0.21922544951590595
924000000,925999999,96888,5995,0.0618755676657584,0.10400262467191601,0.14903225806451612,0.09698314108251996,0.06736254399805802,0.06194483403459561,0.21469740634005763
926000000,927999999,96728,5857,0.060551236456868746,0.09721322099805574,0.1628096479791395,0.09154802667147234,0.06701897669949555,0.05329227854097584,0.22019635343618513
928000000,929999999,96578,5850,0.06057280125908592,0.10275648344478878,0.1466195599807291,0.09521623358736571,0.07007299270072993,0.06312836100070143,0.22466960352422907
930000000,931999999,96936,5746,0.05927622348766196,0.10204410107838403,0.1607805192710853,0.09550818772298966,0.0641118341769101,0.06064782908339077,0.2221458046767538
932000000,933999999,96964,5832,0.06014603357947279,0.09604070599459373,0.14925609370053813,0.09588171262699564,0.06832148451620677,0.06311822892133773,0.2073085031623331
934000000,935999999,96912,5821,0.060064801056628696,0.09985551452881683,0.14868525896414342,0.09634223061022737,0.06861669713589275,0.06321314468279325,0.22032640949554896
936000000,937999999,96630,5795,0.05997102349166925,0.09583598219961856,0.152581387701414,0.0911523203247532,0.06907378335949764,0.05844921046429413,0.2062937062937063
938000000,939999999,96549,5891,0.0610156500844131,0.09925518134715026,0.1588965962251976,0.09222471910112359,0.06491271207278092,0.06621903218337578,0.22573839662447256
940000000,941999999,96818,5849,0.06041232002313619,0.09447300771208227,0.15622961513372471,0.09307513831875781,0.06509879985452782,0.0641439778495616,0.234593837535014
942000000,943999999,96931,5860,0.06045537547327481,0.1,0.15415657788539144,0.09767568056434837,0.062356772403811364,0.061600188812839275,0.20761245674740483
944000000,945999999,96670,5797,0.059966897693182995,0.10284810126582279,0.1556496255291436,0.09523809523809523,0.06652857316924576,0.06666666666666667,0.21883468834688347
946000000,947999999,96946,5867,0.06051822664163555,0.10099364717380681,0.14896394191548376,0.09230632551528074,0.06596209912536444,0.06727965911639382,0.22463261021693492
948000000,949999999,96682,5833,0.06033180943712377,0.10397904044539054,0.15592447916666666,0.09583035075161059,0.0668025905492924,0.059424326833797586,0.20978029766123316
950000000,951999999,96596,5790,0.059940370201664664,0.10151710781149129,0.14929761515844495,0.09606313497822931,0.07231380098664421,0.06697674418604652,0.22916666666666666
952000000,953999999,96821,5771,0.0596048377934539,0.10152610441767068,0.1527956298200514,0.09385434527569714,0.07215598609041232,0.06442705936493327,0.2121414276184123
954000000,955999999,96688,5850,0.06050388879695515,0.1004359761020507,0.15460579569370245,0.09410809347649553,0.06951614839716652,0.062341844950540605,0.22031473533619456
956000000,957999999,96919,5688,0.05868818291563058,0.09904205228121449,0.15197518772445315,0.09618470315564272,0.06678657074340527,0.06296468401486989,0.21270903010033446
958000000,959999999,96821,5870,0.06062734324165212,0.10427850984219944,0.14584362139917695,0.09097453432916404,0.07078460038986355,0.06509821836455003,0.23098591549295774
960000000,961999999,96741,5776,0.05970581242699579,0.10250122609122118,0.15838509316770186,0.09383740864386898,0.06716235982447587,0.06499193362525928,0.2
962000000,963999999,96906,5739,0.05922233917404495,0.0981187155368148,0.1463298379408961,0.09608056614044638,0.06593539054966249,0.06367384333486029,0.21954576737783896
964000000,965999999,96485,5899,0.061139037156034616,0.10388127853881278,0.1563368765331153,0.10062950460724386,0.07168587896253602,0.06544256120527307,0.2188365650969529
966000000,967999999,96656,5931,0.06136194338685648,0.10651828298887123,0.14929714008725156,0.09574084100342899,0.06856655705760566,0.07095396298054106,0.22139973082099595
968000000,969999999,96694,5773,0.059703807888803855,0.09961563100576554,0.14675767918088736,0.09322493224932249,0.06516745254503688,0.07287356321839081,0.2265571526351814
970000000,971999999,96678,5796,0.05995159188233104,0.09768720685751253,0.15282499595272786,0.09240171485907142,0.06546901374487582,0.060032702639570196,0.2320675105485232
972000000,973999999,96508,5824,0.06034732871886268,0.10004952947003468,0.1558012873411454,0.09678886564177204,0.06737714624037892,0.059708509637987774,0.2302861130495464
974000000,975999999,96438,5748,0.05960306103403223,0.09983686786296901,0.151023751023751,0.10019877123238165,0.06988010173186388,0.05913978494623656,0.21610169491525424
976000000,977999999,96725,5695,0.058878263117084516,0.09967585089141005,0.15393368010403122,0.09478071765132294,0.06626360338573156,0.06522245515956208,0.22017045454545456
978000000,979999999,96433,5824,0.06039426337457095,0.10095206828627709,0.1502370443027628,0.09631240373289843,0.06190418728128394,0.060669946123213865,0.21745152354570638
980000000,981999999,96543,5705,0.05909283946013694,0.09940847847518895,0.15042956719079267,0.10133670520231214,0.07351183361224002,0.06288708909004288,0.23504273504273504
982000000,983999999,96861,5879,0.06069522305158939,0.10567671584348942,0.15456902138690862,0.09786154403769481,0.06802311581988923,0.058647654093836245,0.2276595744680851
984000000,985999999,96647,5816,0.06017776030295819,0.10298677982699526,0.1467231822627975,0.09889507807506163,0.06960830580462482,0.06594696080732222,0.20152883947185546
986000000,987999999,96572,5734,0.05937538831131177,0.10768485631256054,0.15212817608027188,0.09755651139379519,0.07157613318750759,0.05841121495327103,0.21834992887624466
988000000,989999999,96506,5724,0.05931237436014341,0.09929772987097828,0.14681166584280772,0.09410906438081343,0.0663945251530796,0.06439657169330554,0.2197724039829303
990000000,991999999,96596,5848,0.060540809143235744,0.10671031096563012,0.15702614379084967,0.09351677007463358,0.07116964717254712,0.06233766233766234,0.21736158578263842
992000000,993999999,96531,5845,0.06055049673161989,0.10019550342130987,0.14276304956364236,0.09937999820289334,0.06864427555773474,0.06967022758941012,0.24585635359116023
994000000,995999999,96564,5770,0.05975311710368253,0.10686528497409327,0.15244979919678714,0.09636032757051866,0.07353480973938578,0.059841047218326324,0.22994269340974213
996000000,997999999,96737,5827,0.06023548383762159,0.10105605199025183,0.15223395613322502,0.09334179970972424,0.06602756141402037,0.06654300950614421,0.23961218836565096
998000000,999999999,96397,5905,0.06125709306306213,0.10451841132014793,0.15020341741253052,0.09760722347629797,0.06533154231285872,0.0552046783625731,0.22191011235955055
